Market,Regime,Trend,Model,Strategy Return (%),B&H Return (%),Max DD (%),Final $,Long (%),Short (%),Turnover,Tie Warning
US,SMA200,Overall,LSTM,-7.16,27.75,-25.16,9284.38,26.9,73.1,13.0,
US,,Uptrend,LSTM,-14.6,14.6,-25.01,8539.78,,,,
US,,Downtrend,LSTM,11.47,11.47,-10.51,11147.41,,,,
US,SMA200,Overall,CNN,30.5,27.75,-14.06,13050.09,96.6,0.0,1.0,
US,,Uptrend,CNN,17.19,14.6,-12.92,11718.55,,,,
US,,Downtrend,CNN,11.47,11.47,-10.51,11147.41,,,,
US,SMA200,Overall,MLP,-28.6,27.75,-31.69,7140.29,37.5,59.1,4.0,
US,,Uptrend,MLP,-32.67,14.6,-34.7,6733.36,,,,
US,,Downtrend,MLP,6.79,11.47,-10.51,10678.9,,,,
US,SMA200,Overall,Transformer,30.5,27.75,-14.06,13050.09,96.6,0.0,1.0,
US,,Uptrend,Transformer,17.19,14.6,-12.92,11718.55,,,,
US,,Downtrend,Transformer,11.47,11.47,-10.51,11147.41,,,,
US,SMA200,Overall,RandomForest,28.57,27.75,-14.06,12856.99,97.2,0.0,1.0,
US,,Uptrend,RandomForest,15.45,14.6,-12.92,11545.15,,,,
US,,Downtrend,RandomForest,11.47,11.47,-10.51,11147.41,,,,
US,SMA200,Overall,SVM,-12.43,27.75,-23.04,8757.36,31.2,65.4,4.0,
US,,Uptrend,SVM,-20.89,14.6,-23.28,7911.19,,,,
US,,Downtrend,SVM,11.47,11.47,-10.51,11147.41,,,,
US,SMA200,Overall,XGBoost,30.5,27.75,-14.06,13050.09,96.6,0.0,1.0,
US,,Uptrend,XGBoost,17.19,14.6,-12.92,11718.55,,,,
US,,Downtrend,XGBoost,11.47,11.47,-10.51,11147.41,,,,
US,GMM,Overall,LSTM,-18.5,27.75,-35.74,8149.52,10.2,89.8,5.0,
US,,Uptrend,LSTM,-14.07,33.49,-34.29,8592.72,,,,
US,,Downtrend,LSTM,-4.3,-4.3,-3.17,9570.04,,,,
US,GMM,Overall,CNN,35.52,27.75,-13.31,13551.93,91.7,0.0,1.0,
US,,Uptrend,CNN,41.75,33.49,-13.31,14174.97,,,,
US,,Downtrend,CNN,-4.3,-4.3,-3.17,9570.04,,,,
US,GMM,Overall,MLP,-22.24,27.75,-28.05,7776.3,32.7,59.0,2.0,
US,,Uptrend,MLP,-21.4,33.49,-29.18,7860.38,,,,
US,,Downtrend,MLP,-0.77,-4.3,-1.39,9922.79,,,,
US,GMM,Overall,Transformer,35.52,27.75,-13.31,13551.93,91.7,0.0,1.0,
US,,Uptrend,Transformer,41.75,33.49,-13.31,14174.97,,,,
US,,Downtrend,Transformer,-4.3,-4.3,-3.17,9570.04,,,,
US,GMM,Overall,RandomForest,28.57,27.75,-14.06,12856.99,97.2,0.0,1.0,
US,,Uptrend,RandomForest,34.48,33.49,-13.31,13448.08,,,,
US,,Downtrend,RandomForest,-4.3,-4.3,-3.17,9570.04,,,,
US,GMM,Overall,SVM,-12.29,27.75,-23.04,8770.83,26.4,65.3,4.0,
US,,Uptrend,SVM,-7.71,33.49,-23.04,9229.32,,,,
US,,Downtrend,SVM,-4.3,-4.3,-3.17,9570.04,,,,
US,GMM,Overall,XGBoost,35.52,27.75,-13.31,13551.93,91.7,0.0,1.0,
US,,Uptrend,XGBoost,41.75,33.49,-13.31,14174.97,,,,
US,,Downtrend,XGBoost,-4.3,-4.3,-3.17,9570.04,,,,
US,ADX,Overall,LSTM,17.31,27.75,-14.06,11730.74,92.6,7.4,5.0,
US,,Uptrend,LSTM,-3.42,4.23,-6.96,9657.81,,,,
US,,Downtrend,LSTM,22.56,22.56,-13.01,12256.3,,,,
US,ADX,Overall,CNN,27.62,27.75,-14.06,12762.32,100.0,0.0,1.0,
US,,Uptrend,CNN,4.23,4.23,-2.53,10423.29,,,,
US,,Downtrend,CNN,22.56,22.56,-13.01,12256.3,,,,
US,ADX,Overall,MLP,4.2,27.75,-13.01,10420.15,62.3,37.7,20.0,
US,,Uptrend,MLP,0.26,4.23,-2.96,10025.74,,,,
US,,Downtrend,MLP,8.07,22.56,-13.01,10807.17,,,,
US,ADX,Overall,Transformer,27.62,27.75,-14.06,12762.32,100.0,0.0,1.0,
US,,Uptrend,Transformer,4.23,4.23,-2.53,10423.29,,,,
US,,Downtrend,Transformer,22.56,22.56,-13.01,12256.3,,,,
US,ADX,Overall,RandomForest,27.62,27.75,-14.06,12762.32,100.0,0.0,1.0,
US,,Uptrend,RandomForest,4.23,4.23,-2.53,10423.29,,,,
US,,Downtrend,RandomForest,22.56,22.56,-13.01,12256.3,,,,
US,ADX,Overall,SVM,14.31,27.75,-14.06,11431.32,85.2,14.8,8.0,
US,,Uptrend,SVM,-5.32,4.23,-5.93,9467.99,,,,
US,,Downtrend,SVM,22.56,22.56,-13.01,12256.3,,,,
US,ADX,Overall,XGBoost,25.7,27.75,-14.06,12570.09,99.4,0.6,5.0,
US,,Uptrend,XGBoost,4.23,4.23,-2.53,10423.29,,,,
US,,Downtrend,XGBoost,21.69,22.56,-13.01,12168.75,,,,
US,HMM,Overall,LSTM,-15.77,27.75,-29.21,8423.12,10.8,89.2,5.0,
US,,Uptrend,LSTM,-13.51,29.99,-31.01,8648.53,,,,
US,,Downtrend,LSTM,-1.72,-1.72,-5.24,9827.5,,,,
US,HMM,Overall,CNN,31.2,27.75,-13.31,13120.29,91.8,0.0,1.0,
US,,Uptrend,CNN,33.64,29.99,-13.31,13363.95,,,,
US,,Downtrend,CNN,-1.72,-1.72,-5.24,9827.5,,,,
US,HMM,Overall,MLP,-24.71,27.75,-28.05,7528.62,32.9,59.0,2.0,
US,,Uptrend,MLP,-18.37,29.99,-25.64,8163.41,,,,
US,,Downtrend,MLP,-7.5,-1.72,-5.32,9250.13,,,,
US,HMM,Overall,Transformer,31.2,27.75,-13.31,13120.29,91.8,0.0,1.0,
US,,Uptrend,Transformer,33.64,29.99,-13.31,13363.95,,,,
US,,Downtrend,Transformer,-1.72,-1.72,-5.24,9827.5,,,,
US,HMM,Overall,RandomForest,28.57,27.75,-14.06,12856.99,97.2,0.0,1.0,
US,,Uptrend,RandomForest,30.96,29.99,-13.31,13095.76,,,,
US,,Downtrend,RandomForest,-1.72,-1.72,-5.24,9827.5,,,,
US,HMM,Overall,SVM,-15.09,27.75,-23.04,8491.47,26.5,65.3,4.0,
US,,Uptrend,SVM,-12.99,29.99,-23.04,8701.27,,,,
US,,Downtrend,SVM,-1.72,-1.72,-5.24,9827.5,,,,
US,HMM,Overall,XGBoost,31.2,27.75,-13.31,13120.29,91.8,0.0,1.0,
US,,Uptrend,XGBoost,33.64,29.99,-13.31,13363.95,,,,
US,,Downtrend,XGBoost,-1.72,-1.72,-5.24,9827.5,,,,
UK,SMA200,Overall,LSTM,30.49,14.2,-8.82,13048.92,29.7,67.2,31.0,
UK,,Uptrend,LSTM,20.78,-0.55,-8.8,12078.34,,,,
UK,,Downtrend,LSTM,14.84,14.84,-7.61,11483.8,,,,
UK,SMA200,Overall,CNN,14.11,14.2,-10.12,11410.7,81.2,0.0,1.0,
UK,,Uptrend,CNN,-0.54,-0.55,-12.31,9946.29,,,,
UK,,Downtrend,CNN,14.84,14.84,-7.61,11483.8,,,,
UK,SMA200,Overall,MLP,-2.76,14.2,-14.71,9724.19,67.1,14.1,6.0,
UK,,Uptrend,MLP,-7.26,-0.55,-16.17,9274.34,,,,
UK,,Downtrend,MLP,6.01,14.84,-8.21,10601.13,,,,
UK,SMA200,Overall,Transformer,14.11,14.2,-10.12,11410.7,81.2,0.0,1.0,
UK,,Uptrend,Transformer,-0.54,-0.55,-12.31,9946.29,,,,
UK,,Downtrend,Transformer,14.84,14.84,-7.61,11483.8,,,,
UK,SMA200,Overall,RandomForest,14.09,14.2,-11.86,11408.65,100.0,0.0,1.0,
UK,,Uptrend,RandomForest,-0.55,-0.55,-14.67,9944.51,,,,
UK,,Downtrend,RandomForest,14.84,14.84,-7.61,11483.8,,,,
UK,SMA200,Overall,SVM,14.09,14.2,-11.86,11408.65,100.0,0.0,1.0,
UK,,Uptrend,SVM,-0.55,-0.55,-14.67,9944.51,,,,
UK,,Downtrend,SVM,14.84,14.84,-7.61,11483.8,,,,
UK,SMA200,Overall,XGBoost,14.11,14.2,-10.12,11410.7,81.2,0.0,1.0,
UK,,Uptrend,XGBoost,-0.54,-0.55,-12.31,9946.29,,,,
UK,,Downtrend,XGBoost,14.84,14.84,-7.61,11483.8,,,,
UK,GMM,Overall,LSTM,5.48,14.2,-11.29,10547.99,8.8,88.1,19.0,
UK,,Uptrend,LSTM,13.29,18.2,-9.99,11328.84,,,,
UK,,Downtrend,LSTM,-3.38,-3.38,-4.04,9662.04,,,,
UK,GMM,Overall,CNN,8.72,14.2,-10.12,10871.92,83.3,0.0,1.0,
UK,,Uptrend,CNN,12.63,18.2,-9.7,11263.46,,,,
UK,,Downtrend,CNN,-3.38,-3.38,-4.04,9662.04,,,,
UK,GMM,Overall,MLP,8.72,14.2,-10.12,10871.92,83.3,0.0,1.0,
UK,,Uptrend,MLP,12.63,18.2,-9.7,11263.46,,,,
UK,,Downtrend,MLP,-3.38,-3.38,-4.04,9662.04,,,,
UK,GMM,Overall,Transformer,8.72,14.2,-10.12,10871.92,83.3,0.0,1.0,
UK,,Uptrend,Transformer,12.63,18.2,-9.7,11263.46,,,,
UK,,Downtrend,Transformer,-3.38,-3.38,-4.04,9662.04,,,,
UK,GMM,Overall,RandomForest,14.09,14.2,-11.86,11408.65,100.0,0.0,1.0,
UK,,Uptrend,RandomForest,18.2,18.2,-10.07,11819.52,,,,
UK,,Downtrend,RandomForest,-3.38,-3.38,-4.04,9662.04,,,,
UK,GMM,Overall,SVM,14.09,14.2,-11.86,11408.65,100.0,0.0,1.0,
UK,,Uptrend,SVM,18.2,18.2,-10.07,11819.52,,,,
UK,,Downtrend,SVM,-3.38,-3.38,-4.04,9662.04,,,,
UK,GMM,Overall,XGBoost,8.72,14.2,-10.12,10871.92,83.3,0.0,1.0,
UK,,Uptrend,XGBoost,12.63,18.2,-9.7,11263.46,,,,
UK,,Downtrend,XGBoost,-3.38,-3.38,-4.04,9662.04,,,,
UK,ADX,Overall,LSTM,7.06,14.2,-11.08,10706.02,89.5,10.5,17.0,
UK,,Uptrend,LSTM,3.34,6.65,-5.62,10334.26,,,,
UK,,Downtrend,LSTM,7.08,7.08,-10.99,10707.66,,,,
UK,ADX,Overall,CNN,14.09,14.2,-11.86,11408.65,100.0,0.0,1.0,
UK,,Uptrend,CNN,6.65,6.65,-3.42,10665.33,,,,
UK,,Downtrend,CNN,7.08,7.08,-10.99,10707.66,,,,
UK,ADX,Overall,MLP,5.72,14.2,-13.7,10571.96,85.7,14.3,21.0,
UK,,Uptrend,MLP,7.61,6.65,-4.31,10760.91,,,,
UK,,Downtrend,MLP,2.36,7.08,-13.47,10236.0,,,,
UK,ADX,Overall,Transformer,14.09,14.2,-11.86,11408.65,100.0,0.0,1.0,
UK,,Uptrend,Transformer,6.65,6.65,-3.42,10665.33,,,,
UK,,Downtrend,Transformer,7.08,7.08,-10.99,10707.66,,,,
UK,ADX,Overall,RandomForest,11.56,14.2,-11.86,11155.57,99.7,0.3,3.0,
UK,,Uptrend,RandomForest,6.65,6.65,-3.42,10665.33,,,,
UK,,Downtrend,RandomForest,5.12,7.08,-10.99,10512.14,,,,
UK,ADX,Overall,SVM,14.09,14.2,-11.86,11408.65,100.0,0.0,1.0,
UK,,Uptrend,SVM,6.65,6.65,-3.42,10665.33,,,,
UK,,Downtrend,SVM,7.08,7.08,-10.99,10707.66,,,,
UK,ADX,Overall,XGBoost,14.09,14.2,-11.86,11408.65,100.0,0.0,1.0,
UK,,Uptrend,XGBoost,6.65,6.65,-3.42,10665.33,,,,
UK,,Downtrend,XGBoost,7.08,7.08,-10.99,10707.66,,,,
UK,HMM,Overall,LSTM,0.72,14.2,-13.12,10071.64,8.4,88.4,5.0,
UK,,Uptrend,LSTM,-2.13,9.98,-13.05,9787.3,,,,
UK,,Downtrend,LSTM,3.84,3.84,-5.99,10383.65,,,,
UK,HMM,Overall,CNN,13.3,14.2,-10.12,11330.49,81.4,0.0,1.0,
UK,,Uptrend,CNN,9.23,9.98,-9.92,10922.78,,,,
UK,,Downtrend,CNN,3.84,3.84,-5.99,10383.65,,,,
UK,HMM,Overall,MLP,13.3,14.2,-10.12,11330.49,81.4,0.0,1.0,
UK,,Uptrend,MLP,9.23,9.98,-9.92,10922.78,,,,
UK,,Downtrend,MLP,3.84,3.84,-5.99,10383.65,,,,
UK,HMM,Overall,Transformer,13.3,14.2,-10.12,11330.49,81.4,0.0,1.0,
UK,,Uptrend,Transformer,9.23,9.98,-9.92,10922.78,,,,
UK,,Downtrend,Transformer,3.84,3.84,-5.99,10383.65,,,,
UK,HMM,Overall,RandomForest,14.09,14.2,-11.86,11408.65,100.0,0.0,1.0,
UK,,Uptrend,RandomForest,9.98,9.98,-12.49,10998.13,,,,
UK,,Downtrend,RandomForest,3.84,3.84,-5.99,10383.65,,,,
UK,HMM,Overall,SVM,14.09,14.2,-11.86,11408.65,100.0,0.0,1.0,
UK,,Uptrend,SVM,9.98,9.98,-12.49,10998.13,,,,
UK,,Downtrend,SVM,3.84,3.84,-5.99,10383.65,,,,
UK,HMM,Overall,XGBoost,13.3,14.2,-10.12,11330.49,81.4,0.0,1.0,
UK,,Uptrend,XGBoost,9.23,9.98,-9.92,10922.78,,,,
UK,,Downtrend,XGBoost,3.84,3.84,-5.99,10383.65,,,,
Thai,SMA200,Overall,LSTM,-5.39,2.3,-19.08,9460.63,68.5,31.0,5.0,
Thai,,Uptrend,LSTM,-14.34,-8.2,-15.95,8566.45,,,,
Thai,,Downtrend,LSTM,11.44,11.44,-16.48,11143.74,,,,
Thai,SMA200,Overall,CNN,4.56,2.3,-19.08,10456.31,99.5,0.0,1.0,
Thai,,Uptrend,CNN,-6.07,-8.2,-12.36,9392.51,,,,
Thai,,Downtrend,CNN,11.44,11.44,-16.48,11143.74,,,,
Thai,SMA200,Overall,MLP,-3.18,2.3,-22.26,9681.93,94.6,4.9,7.0,
Thai,,Uptrend,MLP,-6.07,-8.2,-12.36,9392.51,,,,
Thai,,Downtrend,MLP,4.43,11.44,-16.48,10443.15,,,,
Thai,SMA200,Overall,Transformer,15.81,2.3,-14.03,11580.51,75.5,23.9,6.0,
Thai,,Uptrend,Transformer,0.19,-8.2,-8.77,10019.0,,,,
Thai,,Downtrend,Transformer,16.87,11.44,-13.14,11686.52,,,,
Thai,SMA200,Overall,RandomForest,4.56,2.3,-19.08,10456.31,99.5,0.0,1.0,
Thai,,Uptrend,RandomForest,-6.07,-8.2,-12.36,9392.51,,,,
Thai,,Downtrend,RandomForest,11.44,11.44,-16.48,11143.74,,,,
Thai,SMA200,Overall,SVM,27.92,2.3,-17.76,12792.03,75.8,22.8,9.0,
Thai,,Uptrend,SVM,5.62,-8.2,-11.64,10562.21,,,,
Thai,,Downtrend,SVM,23.19,11.44,-16.48,12318.99,,,,
Thai,SMA200,Overall,XGBoost,10.25,2.3,-15.7,11024.81,99.2,0.3,3.0,
Thai,,Uptrend,XGBoost,-6.07,-8.2,-12.36,9392.51,,,,
Thai,,Downtrend,XGBoost,17.97,11.44,-14.66,11796.76,,,,
Thai,GMM,Overall,LSTM,2.2,2.3,-19.08,10219.9,100.0,0.0,1.0,
Thai,,Uptrend,LSTM,-0.5,-0.5,0.0,9950.03,,,,
Thai,,Downtrend,LSTM,2.82,2.82,-18.67,10281.5,,,,
Thai,GMM,Overall,CNN,2.9,2.3,-19.08,10290.3,97.0,3.0,3.0,
Thai,,Uptrend,CNN,-0.5,-0.5,0.0,9950.03,,,,
Thai,,Downtrend,CNN,3.94,2.82,-18.67,10393.86,,,,
Thai,GMM,Overall,MLP,-8.99,2.3,-19.34,9101.41,87.0,13.0,17.0,
Thai,,Uptrend,MLP,-0.5,-0.5,0.0,9950.03,,,,
Thai,,Downtrend,MLP,-5.46,2.82,-18.61,9454.31,,,,
Thai,GMM,Overall,Transformer,16.85,2.3,-15.19,11684.61,78.8,21.2,6.0,
Thai,,Uptrend,Transformer,0.5,-0.5,0.0,10049.97,,,,
Thai,,Downtrend,Transformer,17.55,2.82,-14.82,11755.24,,,,
Thai,GMM,Overall,RandomForest,-4.09,2.3,-19.08,9591.1,91.3,8.7,9.0,
Thai,,Uptrend,RandomForest,-0.5,-0.5,0.0,9950.03,,,,
Thai,,Downtrend,RandomForest,-1.95,2.82,-18.67,9804.69,,,,
Thai,GMM,Overall,SVM,14.43,2.3,-17.76,11442.97,85.1,13.6,9.0,
Thai,,Uptrend,SVM,-0.5,-0.5,0.0,9950.03,,,,
Thai,,Downtrend,SVM,16.98,2.82,-17.35,11697.8,,,,
Thai,GMM,Overall,XGBoost,7.76,2.3,-15.7,10775.55,99.7,0.3,3.0,
Thai,,Uptrend,XGBoost,-0.5,-0.5,0.0,9950.03,,,,
Thai,,Downtrend,XGBoost,8.84,2.82,-15.7,10884.0,,,,
Thai,ADX,Overall,LSTM,0.83,2.3,-19.08,10082.64,95.1,4.9,3.0,
Thai,,Uptrend,LSTM,0.02,0.98,-7.01,10002.41,,,,
Thai,,Downtrend,LSTM,1.31,1.31,-20.99,10130.79,,,,
Thai,ADX,Overall,CNN,2.2,2.3,-19.08,10219.9,100.0,0.0,1.0,
Thai,,Uptrend,CNN,0.98,0.98,-6.17,10098.06,,,,
Thai,,Downtrend,CNN,1.31,1.31,-20.99,10130.79,,,,
Thai,ADX,Overall,MLP,-8.59,2.3,-19.34,9141.19,88.9,11.1,15.0,
Thai,,Uptrend,MLP,1.43,0.98,-6.17,10143.32,,,,
Thai,,Downtrend,MLP,-7.23,1.31,-20.12,9277.47,,,,
Thai,ADX,Overall,Transformer,9.99,2.3,-19.19,10999.28,76.1,23.9,6.0,
Thai,,Uptrend,Transformer,-6.89,0.98,-6.67,9310.78,,,,
Thai,,Downtrend,Transformer,19.44,1.31,-14.78,11944.29,,,,
Thai,ADX,Overall,RandomForest,-1.81,2.3,-19.08,9818.8,95.1,4.9,5.0,
Thai,,Uptrend,RandomForest,0.28,0.98,-6.77,10028.01,,,,
Thai,,Downtrend,RandomForest,-1.2,1.31,-20.99,9879.99,,,,
Thai,ADX,Overall,SVM,14.87,2.3,-17.76,11486.6,84.2,14.4,9.0,
Thai,,Uptrend,SVM,1.51,0.98,-6.17,10151.03,,,,
Thai,,Downtrend,SVM,15.1,1.31,-17.52,11509.91,,,,
Thai,ADX,Overall,XGBoost,7.76,2.3,-15.7,10775.55,99.7,0.3,3.0,
Thai,,Uptrend,XGBoost,0.98,0.98,-6.17,10098.06,,,,
Thai,,Downtrend,XGBoost,7.24,1.31,-16.36,10724.45,,,,
Thai,HMM,Overall,LSTM,2.2,2.3,-19.08,10219.9,100.0,0.0,1.0,
Thai,,Uptrend,LSTM,-0.5,-0.5,0.0,9950.03,,,,
Thai,,Downtrend,LSTM,2.82,2.82,-18.67,10281.5,,,,
Thai,HMM,Overall,CNN,2.9,2.3,-19.08,10290.3,97.0,3.0,3.0,
Thai,,Uptrend,CNN,-0.5,-0.5,0.0,9950.03,,,,
Thai,,Downtrend,CNN,3.94,2.82,-18.67,10393.86,,,,
Thai,HMM,Overall,MLP,-8.99,2.3,-19.34,9101.41,87.0,13.0,17.0,
Thai,,Uptrend,MLP,-0.5,-0.5,0.0,9950.03,,,,
Thai,,Downtrend,MLP,-5.46,2.82,-18.61,9454.31,,,,
Thai,HMM,Overall,Transformer,16.85,2.3,-15.19,11684.61,78.8,21.2,6.0,
Thai,,Uptrend,Transformer,0.5,-0.5,0.0,10049.97,,,,
Thai,,Downtrend,Transformer,17.55,2.82,-14.82,11755.24,,,,
Thai,HMM,Overall,RandomForest,-4.09,2.3,-19.08,9591.1,91.3,8.7,9.0,
Thai,,Uptrend,RandomForest,-0.5,-0.5,0.0,9950.03,,,,
Thai,,Downtrend,RandomForest,-1.95,2.82,-18.67,9804.69,,,,
Thai,HMM,Overall,SVM,14.43,2.3,-17.76,11442.97,85.1,13.6,9.0,
Thai,,Uptrend,SVM,-0.5,-0.5,0.0,9950.03,,,,
Thai,,Downtrend,SVM,16.98,2.82,-17.35,11697.8,,,,
Thai,HMM,Overall,XGBoost,7.76,2.3,-15.7,10775.55,99.7,0.3,3.0,
Thai,,Uptrend,XGBoost,-0.5,-0.5,0.0,9950.03,,,,
Thai,,Downtrend,XGBoost,8.84,2.82,-15.7,10884.0,,,,
Gold,SMA200,Overall,LSTM,-9.05,-8.32,-17.34,9095.31,92.8,7.2,7.0,
Gold,,Uptrend,LSTM,-6.71,-7.17,-10.76,9329.37,,,,
Gold,,Downtrend,LSTM,-1.23,-1.23,-11.43,9876.8,,,,
Gold,SMA200,Overall,CNN,-5.48,-8.32,-13.7,9452.1,81.2,7.6,7.0,
Gold,,Uptrend,CNN,0.04,-7.17,-6.31,10004.04,,,,
Gold,,Downtrend,CNN,-4.28,-1.23,-11.43,9572.03,,,,
Gold,SMA200,Overall,MLP,0.14,-8.32,-15.45,10014.47,51.5,37.4,26.0,
Gold,,Uptrend,MLP,10.52,-7.17,-6.27,11052.3,,,,
Gold,,Downtrend,MLP,-4.64,-1.23,-14.67,9535.56,,,,
Gold,SMA200,Overall,Transformer,-3.52,-8.32,-15.96,9648.32,53.6,33.1,5.0,
Gold,,Uptrend,Transformer,-6.1,-7.17,-14.64,9389.84,,,,
Gold,,Downtrend,Transformer,3.68,-1.23,-12.34,10368.26,,,,
Gold,SMA200,Overall,RandomForest,9.73,-8.32,-10.61,10973.33,87.3,1.6,5.0,
Gold,,Uptrend,RandomForest,-1.34,-7.17,-7.6,9866.31,,,,
Gold,,Downtrend,RandomForest,12.23,-1.23,-7.29,11222.67,,,,
Gold,SMA200,Overall,SVM,-2.65,-8.32,-13.7,9735.01,88.8,0.0,1.0,
Gold,,Uptrend,SVM,-1.34,-7.17,-7.6,9866.31,,,,
Gold,,Downtrend,SVM,-1.23,-1.23,-11.43,9876.8,,,,
Gold,SMA200,Overall,XGBoost,-2.93,-8.32,-13.7,9707.32,88.6,0.2,3.0,
Gold,,Uptrend,XGBoost,-1.34,-7.17,-7.6,9866.31,,,,
Gold,,Downtrend,XGBoost,-1.12,-1.23,-11.43,9888.22,,,,
Gold,GMM,Overall,LSTM,-9.05,-8.32,-17.34,9095.31,92.8,7.2,7.0,
Gold,,Uptrend,LSTM,-8.59,-9.05,-17.93,9140.57,,,,
Gold,,Downtrend,LSTM,0.81,0.81,0.0,10080.82,,,,
Gold,GMM,Overall,CNN,-3.92,-8.32,-13.7,9608.17,89.2,0.0,1.0,
Gold,,Uptrend,CNN,-4.59,-9.05,-14.39,9540.68,,,,
Gold,,Downtrend,CNN,0.81,0.81,0.0,10080.82,,,,
Gold,GMM,Overall,MLP,2.77,-8.32,-10.61,10277.12,83.0,6.3,4.0,
Gold,,Uptrend,MLP,2.96,-9.05,-10.61,10295.7,,,,
Gold,,Downtrend,MLP,0.52,0.81,-0.23,10052.15,,,,
Gold,GMM,Overall,Transformer,2.85,-8.32,-10.61,10285.22,84.0,5.3,2.0,
Gold,,Uptrend,Transformer,2.16,-9.05,-10.61,10215.68,,,,
Gold,,Downtrend,Transformer,0.98,0.81,0.0,10098.35,,,,
Gold,GMM,Overall,RandomForest,16.36,-8.32,-10.61,11635.55,79.6,4.3,2.0,
Gold,,Uptrend,RandomForest,16.2,-9.05,-10.61,11620.08,,,,
Gold,,Downtrend,RandomForest,0.43,0.81,-0.23,10043.42,,,,
Gold,GMM,Overall,SVM,-3.92,-8.32,-13.7,9608.17,89.2,0.0,1.0,
Gold,,Uptrend,SVM,-4.59,-9.05,-14.39,9540.68,,,,
Gold,,Downtrend,SVM,0.81,0.81,0.0,10080.82,,,,
Gold,GMM,Overall,XGBoost,-3.92,-8.32,-13.7,9608.17,89.2,0.0,1.0,
Gold,,Uptrend,XGBoost,-4.59,-9.05,-14.39,9540.68,,,,
Gold,,Downtrend,XGBoost,0.81,0.81,0.0,10080.82,,,,
Gold,ADX,Overall,LSTM,-8.78,-8.32,-17.34,9121.83,97.3,2.7,3.0,
Gold,,Uptrend,LSTM,0.77,0.78,-6.91,10077.12,,,,
Gold,,Downtrend,LSTM,-9.03,-9.03,-17.34,9097.44,,,,
Gold,ADX,Overall,CNN,-10.15,-8.32,-18.7,8985.24,92.0,6.8,12.0,
Gold,,Uptrend,CNN,1.37,0.78,-6.91,10136.51,,,,
Gold,,Downtrend,CNN,-9.29,-9.03,-18.09,9070.67,,,,
Gold,ADX,Overall,MLP,-1.92,-8.32,-17.25,9808.14,19.0,79.8,46.0,
Gold,,Uptrend,MLP,-1.73,0.78,-6.94,9827.31,,,,
Gold,,Downtrend,MLP,9.32,-9.03,-11.72,10932.33,,,,
Gold,ADX,Overall,Transformer,-0.34,-8.32,-17.93,9965.52,67.7,31.1,10.0,
Gold,,Uptrend,Transformer,1.37,0.78,-6.91,10136.51,,,,
Gold,,Downtrend,Transformer,0.2,-9.03,-17.81,10020.08,,,,
Gold,ADX,Overall,RandomForest,9.87,-8.32,-12.4,10986.75,82.4,16.4,19.0,
Gold,,Uptrend,RandomForest,5.53,0.78,-4.59,10552.95,,,,
Gold,,Downtrend,RandomForest,8.04,-9.03,-11.25,10803.89,,,,
Gold,ADX,Overall,SVM,-7.88,-8.32,-17.34,9212.4,98.8,0.0,1.0,
Gold,,Uptrend,SVM,1.37,0.78,-6.91,10136.51,,,,
Gold,,Downtrend,SVM,-9.03,-9.03,-17.34,9097.44,,,,
Gold,ADX,Overall,XGBoost,-14.1,-8.32,-16.86,8589.67,95.5,3.3,19.0,
Gold,,Uptrend,XGBoost,1.37,0.78,-6.91,10136.51,,,,
Gold,,Downtrend,XGBoost,-12.06,-9.03,-16.53,8793.72,,,,
Gold,HMM,Overall,LSTM,-9.05,-8.32,-17.34,9095.31,92.8,7.2,7.0,
Gold,,Uptrend,LSTM,-7.86,-8.32,-17.34,9214.44,,,,
Gold,HMM,Overall,CNN,0.0,-8.32,0.0,10000.0,0.0,0.0,0.0,
Gold,,Uptrend,CNN,0.0,-8.32,0.0,10000.0,,,,
Gold,HMM,Overall,MLP,-4.04,-8.32,-13.7,9596.04,86.1,0.0,1.0,
Gold,,Uptrend,MLP,-3.94,-8.32,-13.7,9605.65,,,,
Gold,HMM,Overall,Transformer,0.0,-8.32,0.0,10000.0,0.0,0.0,0.0,
Gold,,Uptrend,Transformer,0.0,-8.32,0.0,10000.0,,,,
Gold,HMM,Overall,RandomForest,0.0,-8.32,0.0,10000.0,0.0,0.0,0.0,
Gold,,Uptrend,RandomForest,0.0,-8.32,0.0,10000.0,,,,
Gold,HMM,Overall,SVM,-1.22,-8.32,-10.61,9878.07,71.6,0.0,1.0,
Gold,,Uptrend,SVM,-1.12,-8.32,-10.61,9887.96,,,,
Gold,HMM,Overall,XGBoost,-1.97,-8.32,-10.61,9803.26,51.1,0.0,1.0,
Gold,,Uptrend,XGBoost,-1.87,-8.32,-10.61,9813.07,,,,
BTC,SMA200,Overall,LSTM,-60.9,76.7,-73.24,3909.81,54.0,46.0,5.0,
BTC,,Uptrend,LSTM,-64.62,58.46,-70.95,3537.96,,,,
BTC,,Downtrend,LSTM,11.51,11.51,-26.67,11151.03,,,,
BTC,SMA200,Overall,CNN,76.52,76.7,-48.98,17651.85,100.0,0.0,1.0,
BTC,,Uptrend,CNN,58.46,58.46,-40.59,15845.64,,,,
BTC,,Downtrend,CNN,11.51,11.51,-26.67,11151.03,,,,
BTC,SMA200,Overall,MLP,13.28,76.7,-53.06,11328.38,57.8,42.2,5.0,
BTC,,Uptrend,MLP,42.0,58.46,-42.26,14200.08,,,,
BTC,,Downtrend,MLP,-19.5,11.51,-35.64,8049.88,,,,
BTC,SMA200,Overall,Transformer,76.52,76.7,-48.98,17651.85,100.0,0.0,1.0,
BTC,,Uptrend,Transformer,58.46,58.46,-40.59,15845.64,,,,
BTC,,Downtrend,Transformer,11.51,11.51,-26.67,11151.03,,,,
BTC,SMA200,Overall,RandomForest,85.82,76.7,-48.98,18582.4,97.9,2.1,2.0,
BTC,,Uptrend,RandomForest,58.46,58.46,-40.59,15845.64,,,,
BTC,,Downtrend,RandomForest,17.62,11.51,-26.67,11762.41,,,,
BTC,SMA200,Overall,SVM,76.52,76.7,-48.98,17651.85,100.0,0.0,1.0,
BTC,,Uptrend,SVM,58.46,58.46,-40.59,15845.64,,,,
BTC,,Downtrend,SVM,11.51,11.51,-26.67,11151.03,,,,
BTC,SMA200,Overall,XGBoost,76.44,76.7,-48.98,17643.57,99.0,1.0,3.0,
BTC,,Uptrend,XGBoost,58.46,58.46,-40.59,15845.64,,,,
BTC,,Downtrend,XGBoost,11.91,11.51,-26.67,11190.52,,,,
BTC,GMM,Overall,LSTM,-60.43,76.7,-76.75,3956.67,69.7,25.4,29.0,
BTC,,Uptrend,LSTM,-55.12,89.32,-71.83,4488.28,,,,
BTC,,Downtrend,LSTM,-6.67,-6.67,-27.19,9333.18,,,,
BTC,GMM,Overall,CNN,47.27,76.7,-48.98,14726.61,95.1,0.0,1.0,
BTC,,Uptrend,CNN,57.95,89.32,-45.37,15794.57,,,,
BTC,,Downtrend,CNN,-6.67,-6.67,-27.19,9333.18,,,,
BTC,GMM,Overall,MLP,-22.25,76.7,-45.86,7774.92,25.4,69.7,25.0,
BTC,,Uptrend,MLP,-8.55,89.32,-36.62,9145.27,,,,
BTC,,Downtrend,MLP,-10.71,-6.67,-26.19,8928.96,,,,
BTC,GMM,Overall,Transformer,47.27,76.7,-48.98,14726.61,95.1,0.0,1.0,
BTC,,Uptrend,Transformer,57.95,89.32,-45.37,15794.57,,,,
BTC,,Downtrend,Transformer,-6.67,-6.67,-27.19,9333.18,,,,
BTC,GMM,Overall,RandomForest,47.27,76.7,-48.98,14726.61,95.1,0.0,1.0,
BTC,,Uptrend,RandomForest,57.95,89.32,-45.37,15794.57,,,,
BTC,,Downtrend,RandomForest,-6.67,-6.67,-27.19,9333.18,,,,
BTC,GMM,Overall,SVM,47.27,76.7,-48.98,14726.61,95.1,0.0,1.0,
BTC,,Uptrend,SVM,57.95,89.32,-45.37,15794.57,,,,
BTC,,Downtrend,SVM,-6.67,-6.67,-27.19,9333.18,,,,
BTC,GMM,Overall,XGBoost,6.87,76.7,-48.98,10687.18,92.7,2.4,3.0,
BTC,,Uptrend,XGBoost,18.97,89.32,-45.37,11897.33,,,,
BTC,,Downtrend,XGBoost,-9.72,-6.67,-27.19,9027.91,,,,
BTC,ADX,Overall,LSTM,-49.39,76.7,-65.36,5060.51,70.0,30.0,7.0,
BTC,,Uptrend,LSTM,-31.27,136.88,-61.48,6872.91,,,,
BTC,,Downtrend,LSTM,-25.41,-25.41,-48.07,7459.41,,,,
BTC,ADX,Overall,CNN,76.52,76.7,-48.98,17651.85,100.0,0.0,1.0,
BTC,,Uptrend,CNN,136.88,136.88,-18.69,23687.55,,,,
BTC,,Downtrend,CNN,-25.41,-25.41,-48.07,7459.41,,,,
BTC,ADX,Overall,MLP,39.85,76.7,-34.49,13985.5,28.2,71.8,7.0,
BTC,,Uptrend,MLP,30.59,136.88,-30.19,13059.33,,,,
BTC,,Downtrend,MLP,8.49,-25.41,-29.92,10849.47,,,,
BTC,ADX,Overall,Transformer,76.52,76.7,-48.98,17651.85,100.0,0.0,1.0,
BTC,,Uptrend,Transformer,136.88,136.88,-18.69,23687.55,,,,
BTC,,Downtrend,Transformer,-25.41,-25.41,-48.07,7459.41,,,,
BTC,ADX,Overall,RandomForest,85.82,76.7,-48.98,18582.4,97.9,2.1,2.0,
BTC,,Uptrend,RandomForest,136.88,136.88,-18.69,23687.55,,,,
BTC,,Downtrend,RandomForest,-21.32,-25.41,-48.07,7868.39,,,,
BTC,ADX,Overall,SVM,76.52,76.7,-48.98,17651.85,100.0,0.0,1.0,
BTC,,Uptrend,SVM,136.88,136.88,-18.69,23687.55,,,,
BTC,,Downtrend,SVM,-25.41,-25.41,-48.07,7459.41,,,,
BTC,ADX,Overall,XGBoost,69.98,76.7,-48.98,16998.29,98.6,1.4,5.0,
BTC,,Uptrend,XGBoost,136.88,136.88,-18.69,23687.55,,,,
BTC,,Downtrend,XGBoost,-27.59,-25.41,-48.07,7240.98,,,,
BTC,HMM,Overall,LSTM,39.08,76.7,-52.68,13907.53,61.0,34.1,11.0,
BTC,,Uptrend,LSTM,-7.88,14.6,-34.43,9211.87,,,,
BTC,,Downtrend,LSTM,54.18,54.18,-42.06,15418.12,,,,
BTC,HMM,Overall,CNN,47.27,76.7,-48.98,14726.61,95.1,0.0,1.0,
BTC,,Uptrend,CNN,-4.39,14.6,-34.52,9561.06,,,,
BTC,,Downtrend,CNN,54.18,54.18,-42.06,15418.12,,,,
BTC,HMM,Overall,MLP,-56.25,76.7,-64.48,4374.76,36.9,58.2,11.0,
BTC,,Uptrend,MLP,-5.87,14.6,-39.31,9413.06,,,,
BTC,,Downtrend,MLP,-52.54,54.18,-58.94,4746.28,,,,
BTC,HMM,Overall,Transformer,47.27,76.7,-48.98,14726.61,95.1,0.0,1.0,
BTC,,Uptrend,Transformer,-4.39,14.6,-34.52,9561.06,,,,
BTC,,Downtrend,Transformer,54.18,54.18,-42.06,15418.12,,,,
BTC,HMM,Overall,RandomForest,47.27,76.7,-48.98,14726.61,95.1,0.0,1.0,
BTC,,Uptrend,RandomForest,-4.39,14.6,-34.52,9561.06,,,,
BTC,,Downtrend,RandomForest,54.18,54.18,-42.06,15418.12,,,,
BTC,HMM,Overall,SVM,47.27,76.7,-48.98,14726.61,95.1,0.0,1.0,
BTC,,Uptrend,SVM,-4.39,14.6,-34.52,9561.06,,,,
BTC,,Downtrend,SVM,54.18,54.18,-42.06,15418.12,,,,
BTC,HMM,Overall,XGBoost,24.11,76.7,-48.98,12411.26,94.4,0.7,5.0,
BTC,,Uptrend,XGBoost,-4.39,14.6,-34.52,9561.06,,,,
BTC,,Downtrend,XGBoost,30.99,54.18,-42.06,13098.52,,,,
